account_id,customer_id,account_type,sort_code,account_number,opened_date_raw
ACC001,CUST001,SAVINGS,92-14-62,48733592,21-10-2011
ACC002,CUST002,CURRENT,73-31-48,89458849,28-06-2019
ACC003,CUST003,SAVINGS,16-77-86,50933281,11-06-2024
ACC004,CUST004,CURRENT,11-74-60,45086201,08-07-2006
ACC005,CUST005,SAVINGS,18-99-57,84645270,12-10-2023
ACC006,CUST006,SAVINGS,66-79-65,77744400,02-04-2007
ACC007,CUST007,CURRENT,78-28-99,48694362,12-08-2020
ACC008,CUST008,CURRENT,64-13-46,73110689,02-05-2009
ACC009,CUST009,CURRENT,65-41-64,96272095,31-03-2012
ACC010,CUST010,CURRENT,20-18-15,20609105,14-08-2016
ACC011,CUST011,SAVINGS,71-83-92,40375149,25-05-2017
ACC012,CUST012,SAVINGS,84-68-79,62393744,17-07-2023
ACC013,CUST013,SAVINGS,84-36-58,40447143,13-11-2023
ACC014,CUST014,CURRENT,65-71-60,20467797,05-11-2022
ACC015,CUST015,CURRENT,23-71-26,66193292,10-02-2017
ACC016,CUST016,CURRENT,50-75-60,88504179,28-11-2019
ACC017,CUST017,SAVINGS,63-70-41,71203712,29-08-2010
ACC018,CUST018,CURRENT,59-69-96,73582174,14-08-2016
ACC019,CUST019,CURRENT,37-65-27,51399358,24-05-2019
ACC020,CUST020,SAVINGS,28-48-55,55009004,09-04-2015
ACC021,CUST021,CURRENT,19-25-77,50068582,18-12-2008
ACC022,CUST022,CURRENT,84-21-69,31932212,22-12-2015
ACC023,CUST023,SAVINGS,32-71-54,57205831,15-12-2019
ACC024,CUST024,SAVINGS,47-29-29,11682183,18-12-2018
ACC025,CUST025,SAVINGS,74-28-80,65802648,12-04-2010
ACC026,CUST026,CURRENT,53-93-21,15193840,03-04-2017
ACC027,CUST027,CURRENT,63-35-66,48670190,04-01-2015
ACC028,CUST028,SAVINGS,98-30-98,67456870,14-02-2019
ACC029,CUST029,CURRENT,63-67-42,89662547,10-07-2011
ACC030,CUST030,CURRENT,52-90-85,81125639,15-06-2010
ACC031,CUST031,CURRENT,43-36-93,30636140,27-06-2016
ACC032,CUST032,CURRENT,36-76-44,22490036,21-09-2020
ACC033,CUST033,CURRENT,83-97-82,89490187,30-08-2019
ACC034,CUST034,SAVINGS,12-92-95,73921089,25-07-2018
ACC035,CUST035,SAVINGS,94-85-53,20990611,30-06-2011
ACC036,CUST036,SAVINGS,16-46-76,56906283,19-09-2012
ACC037,CUST037,SAVINGS,21-75-42,19813020,20-07-2006
ACC038,CUST038,SAVINGS,74-87-28,11168235,07-03-2015
ACC039,CUST039,CURRENT,26-47-91,42743926,28-03-2017
ACC040,CUST040,SAVINGS,34-25-39,44036249,17-04-2017
ACC041,CUST041,CURRENT,57-47-96,19712959,07-11-2018
ACC042,CUST042,SAVINGS,94-11-53,83222295,23-02-2022
ACC043,CUST043,SAVINGS,57-98-18,12550222,16-08-2011
ACC044,CUST044,CURRENT,55-81-32,15617286,23-05-2018
ACC045,CUST045,CURRENT,39-65-27,31322354,03-05-2016
ACC046,CUST046,CURRENT,87-94-91,14419631,21-09-2012
ACC047,CUST047,CURRENT,89-56-54,13316212,11-02-2012
ACC048,CUST048,SAVINGS,56-88-57,16044423,05-03-2007
ACC049,CUST049,SAVINGS,90-46-53,93918999,09-03-2023
ACC050,CUST050,SAVINGS,55-94-94,57305881,31-01-2022
ACC051,CUST051,SAVINGS,47-27-80,43846707,30-05-2008
ACC052,CUST052,CURRENT,40-48-65,59956908,20-02-2013
ACC053,CUST053,SAVINGS,41-41-93,37546581,11-11-2010
ACC054,CUST054,SAVINGS,56-85-66,80557025,06-03-2009
ACC055,CUST055,SAVINGS,48-26-71,30815167,09-10-2019
ACC056,CUST056,SAVINGS,89-46-19,51907695,19-05-2019
ACC057,CUST057,SAVINGS,87-97-11,97522760,02-07-2025
ACC058,CUST058,CURRENT,24-81-15,55068934,29-03-2013
ACC059,CUST059,SAVINGS,67-10-23,23883851,21-10-2017
ACC060,CUST060,CURRENT,10-90-12,65774482,08-03-2014
ACC061,CUST061,SAVINGS,11-49-62,27794130,02-12-2009
ACC062,CUST062,CURRENT,24-63-64,80152060,01-03-2010
ACC063,CUST063,CURRENT,92-21-79,98112700,29-01-2014
ACC064,CUST064,CURRENT,91-75-46,89487649,28-07-2009
ACC065,CUST065,SAVINGS,62-19-41,79570167,25-11-2016
ACC066,CUST066,CURRENT,57-65-94,88569262,19-01-2016
ACC067,CUST067,SAVINGS,36-11-91,46789083,12-10-2016
ACC068,CUST068,CURRENT,63-99-60,30472907,30-12-2009
ACC069,CUST069,CURRENT,84-19-23,23740762,20-01-2013
ACC070,CUST070,SAVINGS,57-41-82,29724837,23-09-2009
ACC071,CUST071,SAVINGS,64-76-68,83568504,23-11-2013
ACC072,CUST072,CURRENT,14-67-98,11551465,05-01-2022
ACC073,CUST073,SAVINGS,66-91-10,21683864,03-01-2018
ACC074,CUST074,CURRENT,73-71-10,57496661,02-04-2025
ACC075,CUST075,SAVINGS,50-51-58,22730347,30-11-2020
ACC076,CUST076,CURRENT,48-62-27,20352602,27-03-2019
ACC077,CUST077,SAVINGS,56-57-58,55427282,30-06-2011
ACC078,CUST078,CURRENT,72-79-62,91271616,27-03-2023
ACC079,CUST079,SAVINGS,85-89-34,72991755,09-11-2015
ACC080,CUST080,SAVINGS,46-47-12,83587753,22-06-2015
ACC081,CUST081,SAVINGS,11-48-77,68983505,10-04-2023
ACC082,CUST082,SAVINGS,36-81-14,92481569,02-03-2011
ACC083,CUST083,CURRENT,80-68-73,53844983,24-03-2020
ACC084,CUST084,SAVINGS,38-30-84,74279461,02-01-2011
ACC085,CUST085,SAVINGS,61-15-90,95780812,26-04-2007
ACC086,CUST086,CURRENT,54-83-78,29766137,07-04-2013
ACC087,CUST087,CURRENT,15-16-48,40491330,16-09-2006
ACC088,CUST088,SAVINGS,60-40-59,48753267,04-11-2025
ACC089,CUST089,CURRENT,45-14-34,51912562,27-05-2015
ACC090,CUST090,SAVINGS,62-48-58,84674645,23-03-2018
ACC091,CUST091,CURRENT,67-47-30,19339086,20-03-2025
ACC092,CUST092,CURRENT,44-46-48,46827119,17-02-2016
ACC093,CUST093,CURRENT,25-82-43,88892834,09-02-2008
ACC094,CUST094,CURRENT,92-54-19,51423933,21-02-2018
ACC095,CUST095,SAVINGS,98-98-80,82778751,19-02-2017
ACC096,CUST096,SAVINGS,11-25-14,81435550,09-04-2019
ACC097,CUST097,CURRENT,61-83-40,51236805,10-09-2013
ACC098,CUST098,CURRENT,20-77-57,38281927,24-08-2019
ACC099,CUST099,CURRENT,95-55-90,66365017,11-05-2018
ACC100,CUST100,SAVINGS,95-26-87,24802118,25-05-2015
ACC101,CUST101,SAVINGS,98-46-77,94940829,23-09-2022
ACC102,CUST102,SAVINGS,46-26-17,10871205,17-10-2017
ACC103,CUST103,SAVINGS,57-90-54,39665073,20-09-2015
ACC104,CUST104,SAVINGS,14-44-65,13180303,12-06-2006
ACC105,CUST105,SAVINGS,34-24-48,96735142,21-09-2014
ACC106,CUST106,SAVINGS,14-44-82,48779092,14-03-2023
ACC107,CUST107,CURRENT,77-80-58,71758765,11-09-2017
ACC108,CUST108,SAVINGS,77-29-89,11542015,01-04-2017
ACC109,CUST109,CURRENT,48-29-23,12388282,10-08-2010
ACC110,CUST110,SAVINGS,41-86-89,49176601,14-06-2022
ACC111,CUST111,CURRENT,39-22-97,49375974,19-06-2024
ACC112,CUST112,CURRENT,80-60-83,54475456,18-05-2017
ACC113,CUST113,CURRENT,23-19-96,11133812,12-02-2019
ACC114,CUST114,CURRENT,54-62-93,63833291,18-04-2020
ACC115,CUST115,CURRENT,76-65-31,36451347,08-05-2014
ACC116,CUST116,CURRENT,57-45-41,78994117,08-08-2010
ACC117,CUST117,CURRENT,86-21-58,46269981,31-12-2022
ACC118,CUST118,CURRENT,65-34-79,19031949,28-01-2017
ACC119,CUST119,CURRENT,93-59-11,63560946,26-12-2024
ACC120,CUST120,SAVINGS,33-56-11,95173226,20-10-2019
ACC121,CUST121,SAVINGS,95-68-31,51803848,11-01-2010
ACC122,CUST122,SAVINGS,86-96-71,39328195,07-12-2015
ACC123,CUST123,CURRENT,39-96-71,13684458,03-09-2008
ACC124,CUST124,CURRENT,56-81-31,15517768,31-01-2026
ACC125,CUST125,CURRENT,11-28-89,95036066,16-02-2013
ACC126,CUST126,SAVINGS,97-25-44,57876220,27-06-2010
ACC127,CUST127,CURRENT,68-96-11,25401201,09-09-2024
ACC128,CUST128,SAVINGS,32-25-55,90334726,10-04-2015
ACC129,CUST129,SAVINGS,92-66-61,87781264,29-11-2025
ACC130,CUST130,SAVINGS,42-24-38,86191450,29-11-2024
ACC131,CUST131,CURRENT,28-68-76,15258468,20-10-2020
ACC132,CUST132,SAVINGS,65-36-92,28116725,25-03-2007
ACC133,CUST133,SAVINGS,19-92-57,18620508,07-11-2013
ACC134,CUST134,SAVINGS,53-90-82,92140307,28-02-2008
ACC135,CUST135,SAVINGS,73-70-69,77494158,04-07-2018
ACC136,CUST136,SAVINGS,79-35-33,13356327,07-02-2023
ACC137,CUST137,CURRENT,46-61-32,32394041,13-02-2016
ACC138,CUST138,CURRENT,60-24-61,98844391,14-08-2018
ACC139,CUST139,SAVINGS,33-17-65,44210753,07-10-2021
ACC140,CUST140,SAVINGS,65-34-30,16725975,04-11-2018
ACC141,CUST141,CURRENT,54-53-54,34789165,29-08-2016
ACC142,CUST142,SAVINGS,31-35-85,86891972,27-11-2011
ACC143,CUST143,SAVINGS,56-83-12,19431511,15-03-2020
ACC144,CUST144,CURRENT,40-10-95,42364941,08-01-2014
ACC145,CUST145,SAVINGS,95-73-10,69373368,23-01-2013
ACC146,CUST146,CURRENT,90-64-13,55448527,24-10-2009
ACC147,CUST147,SAVINGS,68-12-93,72616121,01-11-2008
ACC148,CUST148,CURRENT,67-61-22,90977304,28-03-2017
ACC149,CUST149,SAVINGS,17-79-79,89521736,25-01-2007
ACC150,CUST150,SAVINGS,10-40-54,99323809,23-05-2023
ACC151,CUST151,SAVINGS,60-73-97,30507947,07-09-2014
ACC152,CUST152,SAVINGS,57-88-94,67268818,20-04-2014
ACC153,CUST153,SAVINGS,10-52-92,49232456,23-08-2012
ACC154,CUST154,SAVINGS,59-23-93,97549840,21-10-2017
ACC155,CUST155,SAVINGS,47-23-12,27148700,30-10-2025
ACC156,CUST156,CURRENT,29-44-76,64585752,24-05-2006
ACC157,CUST157,CURRENT,41-82-20,63259667,12-01-2010
ACC158,CUST158,SAVINGS,29-56-88,56268205,13-05-2019
ACC159,CUST159,CURRENT,63-49-43,73700115,11-12-2010
ACC160,CUST160,CURRENT,87-59-37,72171893,27-05-2015
ACC161,CUST161,SAVINGS,37-36-52,53637668,09-09-2008
ACC162,CUST162,CURRENT,26-90-33,16213169,06-11-2023
ACC163,CUST163,SAVINGS,15-83-17,38588024,18-05-2016
ACC164,CUST164,CURRENT,62-58-48,17474522,27-02-2014
ACC165,CUST165,SAVINGS,45-57-67,70515720,31-07-2006
ACC166,CUST166,CURRENT,18-80-30,55664271,02-03-2025
ACC167,CUST167,SAVINGS,83-39-53,86756895,22-08-2008
ACC168,CUST168,SAVINGS,70-14-91,45648053,08-05-2018
ACC169,CUST169,SAVINGS,77-97-86,63812015,17-04-2024
ACC170,CUST170,CURRENT,32-88-19,60244310,07-02-2015
ACC171,CUST171,CURRENT,22-37-85,66413979,01-09-2009
ACC172,CUST172,SAVINGS,48-41-22,17371439,13-10-2016
ACC173,CUST173,CURRENT,58-10-58,74924090,05-02-2011
ACC174,CUST174,CURRENT,15-64-46,76124940,24-11-2015
ACC175,CUST175,SAVINGS,95-95-35,46737208,09-05-2018
ACC176,CUST176,CURRENT,38-20-14,19533373,02-01-2011
ACC177,CUST177,SAVINGS,15-96-39,60318500,02-01-2025
ACC178,CUST178,CURRENT,78-25-62,24118725,24-08-2008
ACC179,CUST179,CURRENT,76-96-36,15766712,07-10-2020
ACC180,CUST180,CURRENT,43-15-57,63822720,20-09-2015
ACC181,CUST181,CURRENT,63-37-12,99845841,10-11-2022
ACC182,CUST182,SAVINGS,13-37-96,31189309,23-06-2015
ACC183,CUST183,SAVINGS,21-63-95,65572980,24-07-2014
ACC184,CUST184,CURRENT,31-31-14,84914463,15-03-2013
ACC185,CUST185,CURRENT,23-60-21,45771846,24-09-2008
ACC186,CUST186,CURRENT,53-48-75,42210199,29-05-2019
ACC187,CUST187,SAVINGS,70-99-32,10431026,12-03-2018
ACC188,CUST188,CURRENT,72-98-42,50751399,15-11-2019
ACC189,CUST189,SAVINGS,47-55-25,87706506,03-08-2011
ACC190,CUST190,SAVINGS,82-86-15,57840247,14-06-2024
ACC191,CUST191,SAVINGS,98-31-46,56379702,25-02-2013
ACC192,CUST192,CURRENT,30-38-21,34984944,09-01-2009
ACC193,CUST193,SAVINGS,65-82-87,45872199,15-11-2011
ACC194,CUST194,CURRENT,11-20-48,98191559,27-11-2012
ACC195,CUST195,CURRENT,53-56-40,52386589,22-11-2012
ACC196,CUST196,SAVINGS,22-15-70,31260997,15-07-2024
ACC197,CUST197,SAVINGS,56-63-31,40256934,07-12-2012
ACC198,CUST198,CURRENT,25-97-23,33724155,15-03-2008
ACC199,CUST199,CURRENT,42-52-92,40309624,14-03-2017
ACC200,CUST200,SAVINGS,88-96-91,93137606,21-07-2019
ACC201,CUST201,CURRENT,20-40-15,39487181,03-11-2017
ACC202,CUST202,CURRENT,87-26-22,77802743,05-10-2006
ACC203,CUST203,CURRENT,63-17-25,25222486,26-06-2012
ACC204,CUST204,CURRENT,55-23-95,90642649,10-10-2007
ACC205,CUST205,SAVINGS,64-45-27,46541171,27-03-2020
ACC206,CUST206,SAVINGS,74-88-68,89854472,22-11-2007
ACC207,CUST207,CURRENT,24-13-35,10003154,01-06-2023
ACC208,CUST208,SAVINGS,65-64-65,61050621,01-04-2022
ACC209,CUST209,SAVINGS,22-93-70,25038481,20-06-2024
ACC210,CUST210,SAVINGS,37-39-20,21585225,19-02-2014
ACC211,CUST211,CURRENT,13-92-63,57907732,02-09-2009
ACC212,CUST212,CURRENT,22-39-39,13896407,14-08-2020
ACC213,CUST213,SAVINGS,21-97-58,94451524,28-05-2023
ACC214,CUST214,SAVINGS,92-51-93,41452711,24-06-2011
ACC215,CUST215,CURRENT,82-14-59,62779550,02-03-2009
ACC216,CUST216,SAVINGS,56-71-94,47853233,08-07-2020
ACC217,CUST217,CURRENT,26-57-82,37760956,16-05-2010
ACC218,CUST218,SAVINGS,63-37-21,81022010,22-02-2012
ACC219,CUST219,SAVINGS,31-60-32,95219425,04-05-2015
ACC220,CUST220,SAVINGS,19-44-30,38414214,24-02-2022
ACC221,CUST221,CURRENT,47-60-51,12515176,06-02-2025
ACC222,CUST222,CURRENT,87-98-88,67972822,12-05-2011
ACC223,CUST223,CURRENT,66-40-38,78928511,09-01-2011
ACC224,CUST224,SAVINGS,34-92-66,60420216,23-04-2018
ACC225,CUST225,SAVINGS,49-90-33,27544848,25-02-2022
ACC226,CUST226,SAVINGS,54-75-31,70515567,15-05-2019
ACC227,CUST227,SAVINGS,98-13-75,43086673,14-03-2024
ACC228,CUST228,CURRENT,14-44-39,58631137,01-02-2011
ACC229,CUST229,SAVINGS,64-89-75,35013668,15-06-2018
ACC230,CUST230,CURRENT,58-31-66,97644751,05-04-2018
ACC231,CUST231,SAVINGS,72-54-90,60399575,23-03-2022
ACC232,CUST232,SAVINGS,48-76-69,50400550,25-06-2021
ACC233,CUST233,CURRENT,78-73-33,82101520,16-02-2025
ACC234,CUST234,CURRENT,19-41-68,45913272,29-06-2021
ACC235,CUST235,CURRENT,62-69-71,38645135,30-04-2023
ACC236,CUST236,CURRENT,88-93-24,38482768,17-11-2014
ACC237,CUST237,SAVINGS,66-30-73,19379590,12-11-2006
ACC238,CUST238,SAVINGS,99-32-44,41024748,13-07-2023
ACC239,CUST239,SAVINGS,68-61-98,35778474,19-02-2012
ACC240,CUST240,SAVINGS,59-32-98,36749800,09-08-2014
ACC241,CUST241,SAVINGS,59-63-11,30124773,19-01-2015
ACC242,CUST242,SAVINGS,79-92-57,45603296,17-09-2023
ACC243,CUST243,SAVINGS,99-42-31,62036068,13-02-2011
ACC244,CUST244,SAVINGS,71-76-88,30344523,30-09-2023
ACC245,CUST245,SAVINGS,36-58-75,53703195,18-03-2020
ACC246,CUST246,SAVINGS,93-60-78,25624633,22-08-2011
ACC247,CUST247,SAVINGS,75-99-43,38972898,05-05-2020
ACC248,CUST248,SAVINGS,16-42-39,78230813,15-10-2024
ACC249,CUST249,CURRENT,33-36-26,82764461,29-03-2016
ACC250,CUST250,SAVINGS,93-70-24,69985647,24-02-2012
ACC251,CUST251,CURRENT,96-89-48,91214290,21-11-2025
ACC252,CUST252,SAVINGS,60-66-14,66392403,02-06-2017
ACC253,CUST253,SAVINGS,87-25-36,46864357,25-03-2023
ACC254,CUST254,CURRENT,39-54-26,30101706,16-10-2018
ACC255,CUST255,CURRENT,72-18-22,41227503,25-11-2012
ACC256,CUST256,CURRENT,24-30-33,46034386,22-02-2018
ACC257,CUST257,SAVINGS,72-61-82,37570079,17-05-2025
ACC258,CUST258,SAVINGS,25-40-31,91007368,19-12-2013
ACC259,CUST259,SAVINGS,89-11-82,27723733,16-03-2018
ACC260,CUST260,CURRENT,70-11-43,79199050,04-12-2014
ACC261,CUST261,CURRENT,51-29-56,10272898,20-11-2009
ACC262,CUST262,CURRENT,34-12-49,27776936,03-03-2012
ACC263,CUST263,CURRENT,60-46-41,77121857,03-07-2014
ACC264,CUST264,SAVINGS,85-58-45,20560631,28-10-2007
ACC265,CUST265,CURRENT,20-47-53,95247875,18-03-2011
ACC266,CUST266,CURRENT,31-90-36,91591888,22-07-2025
ACC267,CUST267,CURRENT,25-71-73,66452599,19-02-2017
ACC268,CUST268,CURRENT,42-46-19,21137148,03-10-2006
ACC269,CUST269,CURRENT,46-85-60,46300255,19-12-2016
ACC270,CUST270,CURRENT,68-92-24,81415296,09-10-2020
ACC271,CUST271,SAVINGS,77-63-25,44861728,02-01-2012
ACC272,CUST272,SAVINGS,70-73-74,68077918,17-12-2012
ACC273,CUST273,CURRENT,89-75-22,25183672,16-06-2013
ACC274,CUST274,CURRENT,27-11-64,15380961,28-06-2013
ACC275,CUST275,CURRENT,15-17-24,36486831,21-03-2022
ACC276,CUST276,SAVINGS,41-99-71,23160659,18-10-2023
ACC277,CUST277,CURRENT,69-25-64,57839265,23-08-2018
ACC278,CUST278,CURRENT,13-50-87,83197276,30-01-2022
ACC279,CUST279,CURRENT,38-35-40,20687700,07-01-2022
ACC280,CUST280,CURRENT,42-93-25,13579061,20-04-2020
ACC281,CUST281,CURRENT,64-63-26,37313606,04-04-2016
ACC282,CUST282,SAVINGS,90-82-37,54976973,04-07-2006
ACC283,CUST283,SAVINGS,50-60-42,44846661,08-01-2012
ACC284,CUST284,SAVINGS,47-65-43,35571315,24-02-2019
ACC285,CUST285,SAVINGS,78-32-77,31025356,23-03-2009
ACC286,CUST286,CURRENT,82-77-82,15674293,07-09-2014
ACC287,CUST287,SAVINGS,71-16-64,84940232,21-04-2007
ACC288,CUST288,CURRENT,82-66-28,66076586,07-04-2016
ACC289,CUST289,SAVINGS,82-71-91,44472789,05-04-2021
ACC290,CUST290,CURRENT,48-81-18,28265104,30-07-2024
ACC291,CUST291,SAVINGS,37-95-29,67959042,27-05-2019
ACC292,CUST292,SAVINGS,65-41-26,60827557,19-07-2022
ACC293,CUST293,CURRENT,42-87-10,64266945,14-10-2014
ACC294,CUST294,SAVINGS,67-13-33,71914362,20-06-2022
ACC295,CUST295,CURRENT,28-81-35,51942402,27-04-2006
ACC296,CUST296,CURRENT,91-25-65,38627571,31-12-2017
ACC297,CUST297,CURRENT,57-58-16,56052601,28-07-2020
ACC298,CUST298,CURRENT,23-61-41,87554771,04-05-2020
ACC299,CUST299,CURRENT,55-81-13,91680474,03-09-2013
ACC300,CUST300,CURRENT,65-46-50,81137176,01-08-2008
ACC301,CUST301,CURRENT,94-43-13,18057523,05-04-2020
ACC302,CUST302,SAVINGS,54-48-72,65310421,08-12-2008
ACC303,CUST303,SAVINGS,68-96-74,21564081,03-11-2024
ACC304,CUST304,CURRENT,71-41-25,27009547,06-10-2017
ACC305,CUST305,CURRENT,13-25-26,83131199,25-12-2008
ACC306,CUST306,CURRENT,77-26-87,48715887,21-10-2014
ACC307,CUST307,CURRENT,36-22-23,10185282,22-01-2018
ACC308,CUST308,CURRENT,70-45-90,98755642,02-10-2014
ACC309,CUST309,CURRENT,90-80-87,99925898,12-06-2014
ACC310,CUST310,SAVINGS,99-76-76,95660478,15-02-2026
ACC311,CUST311,SAVINGS,82-33-94,77864131,16-06-2008
ACC312,CUST312,SAVINGS,74-64-81,53152724,25-01-2017
ACC313,CUST313,SAVINGS,31-15-96,44590483,02-12-2014
ACC314,CUST314,SAVINGS,76-85-99,65373613,21-11-2018
ACC315,CUST315,SAVINGS,13-69-52,77558014,12-09-2009
ACC316,CUST316,CURRENT,27-51-63,64857013,05-03-2020
ACC317,CUST317,CURRENT,87-10-15,20863046,16-01-2015
ACC318,CUST318,CURRENT,24-29-13,66473010,08-09-2008
ACC319,CUST319,SAVINGS,97-43-71,17736981,01-02-2023
ACC320,CUST320,SAVINGS,52-18-52,53788230,17-02-2011
ACC321,CUST321,SAVINGS,22-89-59,94593073,05-11-2020
ACC322,CUST322,CURRENT,22-10-21,97957059,22-10-2022
ACC323,CUST323,CURRENT,58-90-97,13494245,03-03-2016
ACC324,CUST324,CURRENT,13-17-85,12989339,29-11-2013
ACC325,CUST325,CURRENT,48-18-12,68508594,04-09-2025
ACC326,CUST326,CURRENT,42-85-28,19075630,25-03-2021
ACC327,CUST327,CURRENT,67-74-24,33965632,08-06-2023
ACC328,CUST328,SAVINGS,57-22-75,43114713,03-11-2010
ACC329,CUST329,SAVINGS,43-44-62,19910190,19-05-2006
ACC330,CUST330,SAVINGS,54-61-14,40670467,19-12-2011
ACC331,CUST331,SAVINGS,35-13-45,22254698,08-03-2015
ACC332,CUST332,SAVINGS,37-79-50,86204501,22-02-2007
ACC333,CUST333,SAVINGS,79-54-72,12381544,28-05-2017
ACC334,CUST334,CURRENT,54-64-54,74194421,26-12-2008
ACC335,CUST335,CURRENT,23-13-85,27086262,26-06-2019
ACC336,CUST336,SAVINGS,99-26-95,72867730,11-01-2022
ACC337,CUST337,CURRENT,26-33-25,23527975,07-06-2025
ACC338,CUST338,CURRENT,28-37-13,43911534,20-10-2024
ACC339,CUST339,SAVINGS,84-80-26,74113313,11-07-2024
ACC340,CUST340,SAVINGS,10-92-71,80462827,18-11-2024
ACC341,CUST341,CURRENT,96-91-78,83469984,15-10-2007
ACC342,CUST342,SAVINGS,32-75-53,66838279,10-01-2014
ACC343,CUST343,SAVINGS,53-98-63,68504949,18-11-2009
ACC344,CUST344,CURRENT,10-15-73,85634708,08-06-2017
ACC345,CUST345,CURRENT,55-65-53,33632056,09-03-2025
ACC346,CUST346,CURRENT,93-90-69,54309404,19-11-2021
ACC347,CUST347,SAVINGS,13-95-91,15928711,06-01-2013
ACC348,CUST348,SAVINGS,30-60-17,29448747,02-09-2012
ACC349,CUST349,SAVINGS,51-92-17,12870295,12-04-2008
ACC350,CUST350,CURRENT,67-26-21,48376344,06-06-2024
ACC351,CUST351,CURRENT,51-97-36,44716680,03-05-2006
ACC352,CUST352,SAVINGS,64-88-47,48911376,12-07-2013
ACC353,CUST353,CURRENT,34-47-82,14233813,28-08-2012
ACC354,CUST354,SAVINGS,76-50-84,84272081,14-09-2006
ACC355,CUST355,SAVINGS,19-37-34,73236677,19-11-2022
ACC356,CUST356,SAVINGS,60-28-14,23006719,17-03-2020
ACC357,CUST357,SAVINGS,41-37-27,92002351,30-06-2010
ACC358,CUST358,SAVINGS,56-28-59,38152533,02-09-2022
ACC359,CUST359,SAVINGS,47-35-81,96765089,22-09-2018
ACC360,CUST360,CURRENT,15-17-96,77925374,21-01-2009
ACC361,CUST361,CURRENT,65-69-45,15652017,19-03-2025
ACC362,CUST362,CURRENT,97-52-73,20568300,06-05-2006
ACC363,CUST363,SAVINGS,75-32-24,32735932,30-11-2012
ACC364,CUST364,SAVINGS,55-10-66,92658728,20-11-2020
ACC365,CUST365,SAVINGS,85-40-93,49059643,25-02-2007
ACC366,CUST366,SAVINGS,48-25-63,15230210,04-06-2011
ACC367,CUST367,SAVINGS,77-40-32,41781676,07-04-2022
ACC368,CUST368,SAVINGS,87-21-98,75523828,02-08-2024
ACC369,CUST369,CURRENT,51-29-88,41616796,12-09-2006
ACC370,CUST370,SAVINGS,32-81-78,53488051,20-06-2011
ACC371,CUST371,CURRENT,38-67-85,96342486,22-06-2017
ACC372,CUST372,CURRENT,87-50-54,64359716,30-10-2022
ACC373,CUST373,SAVINGS,71-23-50,51178095,04-04-2023
ACC374,CUST374,CURRENT,66-63-30,75537526,26-11-2025
ACC375,CUST375,SAVINGS,11-25-74,76623803,16-05-2021
ACC376,CUST376,SAVINGS,37-37-20,79417685,21-12-2008
ACC377,CUST377,CURRENT,82-26-67,61210119,26-09-2021
ACC378,CUST378,CURRENT,86-67-83,72308557,21-12-2008
ACC379,CUST379,CURRENT,15-51-87,72043578,19-08-2006
ACC380,CUST380,CURRENT,80-33-29,45560167,27-06-2018
ACC381,CUST381,SAVINGS,15-28-65,11745504,05-08-2023
ACC382,CUST382,SAVINGS,47-45-80,19846994,26-11-2016
ACC383,CUST383,SAVINGS,99-76-90,87673192,31-01-2008
ACC384,CUST384,SAVINGS,26-46-29,49924081,26-06-2006
ACC385,CUST385,CURRENT,61-20-46,98420183,16-05-2015
ACC386,CUST386,CURRENT,64-53-32,86748006,26-03-2025
ACC387,CUST387,CURRENT,69-41-97,34427799,29-03-2016
ACC388,CUST388,CURRENT,51-80-19,23620420,22-03-2017
ACC389,CUST389,SAVINGS,22-45-38,45246138,12-12-2017
ACC390,CUST390,SAVINGS,77-95-61,72634074,21-07-2007
ACC391,CUST391,SAVINGS,88-38-95,92248988,19-03-2026
ACC392,CUST392,SAVINGS,78-59-99,21484725,11-08-2006
ACC393,CUST393,CURRENT,16-80-35,19685905,08-07-2021
ACC394,CUST394,CURRENT,47-82-62,28490754,22-05-2009
ACC395,CUST395,CURRENT,76-68-77,32576583,09-11-2020
ACC396,CUST396,CURRENT,39-22-17,34815473,09-01-2019
ACC397,CUST397,CURRENT,80-39-95,61489703,12-12-2024
ACC398,CUST398,SAVINGS,46-36-37,93108166,24-03-2025
ACC399,CUST399,CURRENT,89-47-79,13795377,28-10-2025
ACC400,CUST400,SAVINGS,83-33-25,75379564,23-07-2016
ACC401,CUST401,SAVINGS,70-80-59,84040492,25-04-2021
ACC402,CUST402,SAVINGS,37-73-92,54654093,14-11-2006
ACC403,CUST403,CURRENT,66-33-69,11792937,12-02-2017
ACC404,CUST404,SAVINGS,70-31-62,23451995,17-09-2018
ACC405,CUST405,SAVINGS,89-67-76,65132361,05-04-2013
ACC406,CUST406,SAVINGS,28-58-23,92047143,08-01-2024
ACC407,CUST407,CURRENT,86-22-43,58096017,04-11-2024
ACC408,CUST408,SAVINGS,83-66-85,78253183,15-05-2012
ACC409,CUST409,SAVINGS,44-29-94,43440013,01-07-2013
ACC410,CUST410,SAVINGS,83-67-70,16425334,13-07-2010
ACC411,CUST411,SAVINGS,54-60-15,10770813,21-03-2015
ACC412,CUST412,CURRENT,82-65-23,43276167,23-08-2011
ACC413,CUST413,SAVINGS,56-84-10,99891167,06-12-2021
ACC414,CUST414,SAVINGS,68-60-90,38937735,25-05-2018
ACC415,CUST415,SAVINGS,87-67-91,12538141,03-06-2007
ACC416,CUST416,CURRENT,17-67-47,26626449,06-12-2018
ACC417,CUST417,CURRENT,86-49-15,69355384,09-03-2024
ACC418,CUST418,CURRENT,59-94-77,58339449,30-12-2022
ACC419,CUST419,CURRENT,56-57-31,86139396,19-06-2006
ACC420,CUST420,SAVINGS,74-48-23,11735097,10-01-2007
ACC421,CUST421,SAVINGS,52-24-19,63292280,09-08-2014
ACC422,CUST422,SAVINGS,78-55-97,27903048,17-11-2008
ACC423,CUST423,SAVINGS,71-32-31,28601880,07-04-2009
ACC424,CUST424,SAVINGS,21-83-51,29806779,05-05-2021
ACC425,CUST425,SAVINGS,17-59-28,69476202,19-02-2026
ACC426,CUST426,SAVINGS,40-38-41,67514093,10-01-2026
ACC427,CUST427,CURRENT,57-19-80,46643344,06-07-2007
ACC428,CUST428,SAVINGS,78-11-99,66265471,20-08-2015
ACC429,CUST429,CURRENT,93-93-24,93821408,07-04-2015
ACC430,CUST430,CURRENT,86-90-75,18628471,12-11-2007
ACC431,CUST431,CURRENT,89-77-32,15922102,05-07-2023
ACC432,CUST432,CURRENT,67-74-27,56680826,30-04-2024
ACC433,CUST433,SAVINGS,34-37-46,55480281,25-09-2008
ACC434,CUST434,SAVINGS,65-63-73,82153439,18-06-2012
ACC435,CUST435,CURRENT,97-20-17,43957954,22-01-2024
ACC436,CUST436,SAVINGS,39-55-55,70389895,01-10-2006
ACC437,CUST437,SAVINGS,74-59-79,61314588,23-10-2021
ACC438,CUST438,CURRENT,41-13-94,89728222,19-05-2011
ACC439,CUST439,SAVINGS,77-49-67,53514313,04-03-2014
ACC440,CUST440,SAVINGS,73-70-79,99003176,12-09-2018
ACC441,CUST441,CURRENT,48-73-25,49519545,27-04-2019
ACC442,CUST442,SAVINGS,65-22-34,14403134,01-08-2022
ACC443,CUST443,CURRENT,95-51-45,73597700,26-02-2016
ACC444,CUST444,SAVINGS,80-35-85,81100033,04-08-2009
ACC445,CUST445,CURRENT,54-64-51,30339080,29-11-2023
ACC446,CUST446,SAVINGS,78-68-96,29309112,17-11-2016
ACC447,CUST447,CURRENT,92-28-84,71219114,30-06-2014
ACC448,CUST448,CURRENT,13-64-33,39930586,11-06-2008
ACC449,CUST449,SAVINGS,65-93-94,96780844,27-07-2021
ACC450,CUST450,SAVINGS,39-34-53,89765631,18-12-2021
ACC451,CUST451,CURRENT,46-58-36,22047378,17-11-2023
ACC452,CUST452,SAVINGS,91-35-20,30243264,20-09-2010
ACC453,CUST453,CURRENT,84-24-47,76097186,04-10-2007
ACC454,CUST454,CURRENT,14-96-84,17141568,28-09-2016
ACC455,CUST455,SAVINGS,23-25-14,14410865,24-11-2019
ACC456,CUST456,CURRENT,49-35-44,44096700,23-04-2025
ACC457,CUST457,CURRENT,51-31-37,65550528,07-12-2006
ACC458,CUST458,SAVINGS,37-83-42,40078331,16-10-2019
ACC459,CUST459,SAVINGS,63-43-24,96494428,24-06-2019
ACC460,CUST460,SAVINGS,51-35-25,17099885,20-07-2024
ACC461,CUST461,SAVINGS,73-81-97,52003320,24-08-2007
ACC462,CUST462,SAVINGS,22-88-56,34262551,29-07-2023
ACC463,CUST463,CURRENT,37-35-51,28496584,22-12-2016
ACC464,CUST464,CURRENT,56-23-51,83185971,17-12-2010
ACC465,CUST465,SAVINGS,94-65-26,21452009,08-02-2019
ACC466,CUST466,CURRENT,32-86-98,58953714,15-12-2024
ACC467,CUST467,SAVINGS,60-27-81,60800790,02-03-2026
ACC468,CUST468,SAVINGS,48-62-89,92155952,05-10-2016
ACC469,CUST469,SAVINGS,60-66-60,63005010,16-11-2022
ACC470,CUST470,CURRENT,86-36-84,17161258,11-01-2024
ACC471,CUST471,SAVINGS,19-65-69,13367899,01-07-2022
ACC472,CUST472,CURRENT,71-44-57,38677438,02-01-2021
ACC473,CUST473,SAVINGS,60-63-70,81102952,25-01-2020
ACC474,CUST474,SAVINGS,76-89-26,84974743,26-02-2008
ACC475,CUST475,SAVINGS,98-14-73,71578350,02-08-2006
ACC476,CUST476,SAVINGS,95-35-74,27119391,20-09-2013
ACC477,CUST477,CURRENT,52-39-98,84908131,28-04-2007
ACC478,CUST478,SAVINGS,48-30-83,32763202,19-02-2026
ACC479,CUST479,CURRENT,68-87-79,60311426,15-06-2025
ACC480,CUST480,SAVINGS,80-15-38,73316122,29-10-2013
ACC481,CUST481,SAVINGS,68-14-45,13998114,19-02-2016
ACC482,CUST482,SAVINGS,70-51-32,13194828,07-06-2013
ACC483,CUST483,SAVINGS,26-72-92,78383594,11-02-2009
ACC484,CUST484,CURRENT,47-38-49,78725616,03-07-2011
ACC485,CUST485,CURRENT,91-56-29,78652613,05-12-2016
ACC486,CUST486,CURRENT,24-72-18,97966227,29-07-2006
ACC487,CUST487,CURRENT,46-96-72,58031520,05-02-2022
ACC488,CUST488,SAVINGS,27-36-94,46271939,30-09-2008
ACC489,CUST489,SAVINGS,60-55-31,89439417,04-05-2009
ACC490,CUST490,SAVINGS,66-89-17,15125310,02-03-2022
ACC491,CUST491,SAVINGS,19-18-26,60011087,18-11-2021
ACC492,CUST492,CURRENT,90-75-26,20312393,16-12-2025
ACC493,CUST493,CURRENT,23-94-73,20795096,09-07-2021
ACC494,CUST494,CURRENT,66-80-66,94546007,10-02-2019
ACC495,CUST495,CURRENT,57-60-68,48375810,09-03-2007
ACC496,CUST496,CURRENT,34-75-55,12682939,25-07-2017
ACC497,CUST497,SAVINGS,23-19-58,32474487,19-11-2017
ACC498,CUST498,SAVINGS,95-32-75,11910953,29-02-2024
ACC499,CUST499,SAVINGS,81-43-88,62037964,24-02-2012
ACC500,CUST500,CURRENT,77-54-22,80517824,31-03-2020
ACC501,CUST501,SAVINGS,18-24-48,51733212,29-07-2011
ACC502,CUST502,SAVINGS,21-11-55,21829569,27-08-2008
ACC503,CUST503,SAVINGS,95-22-81,86337309,21-09-2025
ACC504,CUST504,CURRENT,67-35-21,89946654,01-10-2019
ACC505,CUST505,CURRENT,86-14-64,26202532,19-08-2019
ACC506,CUST506,CURRENT,69-50-92,43866746,17-02-2015
ACC507,CUST507,SAVINGS,96-94-15,73414924,15-12-2020
ACC508,CUST508,SAVINGS,21-59-71,97533315,31-01-2020
ACC509,CUST509,CURRENT,93-34-22,47057171,12-10-2017
ACC510,CUST510,SAVINGS,93-28-76,83943858,25-11-2011
ACC511,CUST511,CURRENT,75-40-93,87826708,10-09-2020
ACC512,CUST512,CURRENT,33-67-21,80321895,29-01-2016
ACC513,CUST513,CURRENT,80-61-16,23843860,24-07-2013
ACC514,CUST514,SAVINGS,95-72-75,86837398,05-02-2010
ACC515,CUST515,SAVINGS,19-54-47,55729313,02-02-2010
ACC516,CUST516,CURRENT,74-92-87,49973862,08-03-2017
ACC517,CUST517,SAVINGS,11-69-23,84047075,27-03-2011
ACC518,CUST518,CURRENT,89-62-59,70730559,24-11-2012
ACC519,CUST519,SAVINGS,67-88-57,55994469,20-10-2016
ACC520,CUST520,CURRENT,48-79-19,92003274,18-12-2009
ACC521,CUST521,CURRENT,87-19-94,88746962,28-05-2011
ACC522,CUST522,CURRENT,39-84-56,12417604,12-07-2023
ACC523,CUST523,CURRENT,14-31-36,86737016,04-12-2013
ACC524,CUST524,SAVINGS,86-89-93,88196497,10-07-2016
ACC525,CUST525,CURRENT,14-78-79,93241550,19-05-2012
ACC526,CUST526,CURRENT,68-54-53,11105370,21-06-2009
ACC527,CUST527,SAVINGS,81-72-73,82516318,19-02-2012
ACC528,CUST528,CURRENT,40-70-74,30467331,30-09-2013
ACC529,CUST529,SAVINGS,38-59-33,31736733,12-01-2026
ACC530,CUST530,CURRENT,98-11-34,76624640,24-07-2014
ACC531,CUST531,CURRENT,31-61-70,82719044,06-05-2016
ACC532,CUST532,CURRENT,29-11-19,18168445,23-06-2010
ACC533,CUST533,CURRENT,55-69-73,75335906,14-08-2024
ACC534,CUST534,CURRENT,36-44-66,59110262,25-12-2013
ACC535,CUST535,CURRENT,83-54-66,30086202,03-07-2019
ACC536,CUST536,SAVINGS,68-89-69,97238709,28-03-2020
ACC537,CUST537,SAVINGS,31-16-95,39011091,04-04-2007
ACC538,CUST538,CURRENT,56-16-35,57799148,04-12-2013
ACC539,CUST539,SAVINGS,11-82-72,10546279,15-08-2010
ACC540,CUST540,SAVINGS,27-15-12,78898581,04-04-2024
ACC541,CUST541,CURRENT,33-70-23,20586821,14-02-2010
ACC542,CUST542,CURRENT,57-46-46,65196985,27-05-2010
ACC543,CUST543,CURRENT,98-40-76,63816393,07-06-2022
ACC544,CUST544,SAVINGS,89-94-96,53939368,19-03-2007
ACC545,CUST545,CURRENT,38-59-65,83260184,06-07-2011
ACC546,CUST546,SAVINGS,28-63-17,51896959,03-03-2017
ACC547,CUST547,CURRENT,23-50-77,69420418,19-01-2017
ACC548,CUST548,CURRENT,11-50-28,53432252,11-06-2025
ACC549,CUST549,SAVINGS,76-93-88,24951266,09-08-2008
ACC550,CUST550,CURRENT,72-40-64,98122886,15-03-2018
ACC551,CUST551,CURRENT,75-10-23,87751575,28-12-2011
ACC552,CUST552,SAVINGS,44-96-92,22126450,19-06-2021
ACC553,CUST553,CURRENT,61-89-42,50264012,10-12-2010
ACC554,CUST554,CURRENT,24-41-30,38435792,01-02-2017
ACC555,CUST555,SAVINGS,59-40-30,44024833,02-03-2017
ACC556,CUST556,CURRENT,77-16-96,16768942,15-02-2017
ACC557,CUST557,CURRENT,76-46-52,67102704,27-02-2007
ACC558,CUST558,SAVINGS,14-70-53,16291176,08-04-2007
ACC559,CUST559,SAVINGS,56-46-42,12000441,23-07-2022
ACC560,CUST560,SAVINGS,24-31-56,92248037,29-04-2006
ACC561,CUST561,CURRENT,54-30-58,21583059,30-11-2008
ACC562,CUST562,CURRENT,66-68-45,44753587,27-02-2019
ACC563,CUST563,CURRENT,23-38-45,55263472,17-11-2018
ACC564,CUST564,CURRENT,38-69-40,94876591,01-10-2021
ACC565,CUST565,CURRENT,27-55-68,49133809,06-04-2023
ACC566,CUST566,CURRENT,56-46-83,48192288,14-09-2006
ACC567,CUST567,SAVINGS,48-54-68,64629414,28-03-2012
ACC568,CUST568,SAVINGS,76-75-29,50364826,04-10-2022
ACC569,CUST569,SAVINGS,66-93-74,14273101,19-05-2025
ACC570,CUST570,SAVINGS,75-21-90,10521240,03-02-2022
ACC571,CUST571,SAVINGS,70-72-93,37724222,31-01-2023
ACC572,CUST572,CURRENT,34-36-72,83694368,30-06-2012
ACC573,CUST573,SAVINGS,97-52-33,47082132,17-09-2013
ACC574,CUST574,CURRENT,45-58-30,24630825,31-10-2018
ACC575,CUST575,SAVINGS,59-14-94,11845099,26-01-2021
ACC576,CUST576,CURRENT,94-93-89,53064879,19-11-2020
ACC577,CUST577,SAVINGS,46-58-92,93885643,29-03-2019
ACC578,CUST578,SAVINGS,44-11-56,25736519,11-08-2007
ACC579,CUST579,SAVINGS,64-15-39,30319213,24-12-2022
ACC580,CUST580,CURRENT,98-29-91,78051407,18-05-2012
ACC581,CUST581,CURRENT,90-62-83,74430132,28-10-2012
ACC582,CUST582,SAVINGS,53-88-96,19393417,04-07-2014
ACC583,CUST583,CURRENT,44-42-64,30364194,23-04-2022
ACC584,CUST584,CURRENT,29-28-92,30316371,17-01-2019
ACC585,CUST585,CURRENT,49-91-66,82164726,18-02-2019
ACC586,CUST586,CURRENT,46-49-25,62961348,03-08-2014
ACC587,CUST587,CURRENT,98-58-13,26216232,18-08-2012
ACC588,CUST588,CURRENT,70-76-28,42202271,19-12-2010
ACC589,CUST589,CURRENT,49-26-39,89779728,18-11-2008
ACC590,CUST590,CURRENT,18-39-37,91373068,08-03-2017
ACC591,CUST591,SAVINGS,56-67-49,76838660,25-06-2019
ACC592,CUST592,CURRENT,40-32-38,16456197,11-08-2015
ACC593,CUST593,CURRENT,13-37-40,17773535,06-09-2016
ACC594,CUST594,SAVINGS,19-61-71,48950215,13-03-2014
ACC595,CUST595,SAVINGS,80-20-61,18784457,20-07-2008
ACC596,CUST596,CURRENT,49-38-41,38384016,02-08-2018
ACC597,CUST597,SAVINGS,51-74-87,28405333,07-07-2006
ACC598,CUST598,CURRENT,50-41-69,73369756,20-05-2010
ACC599,CUST599,CURRENT,78-51-67,55219920,12-03-2016
ACC600,CUST600,SAVINGS,47-69-48,96497831,06-01-2014
ACC601,CUST601,CURRENT,47-11-46,33104451,01-11-2008
ACC602,CUST602,CURRENT,80-38-16,88436770,10-01-2007
ACC603,CUST603,CURRENT,92-27-39,73292665,27-07-2012
ACC604,CUST604,CURRENT,71-50-21,58043007,15-08-2007
ACC605,CUST605,SAVINGS,46-36-38,65773353,22-05-2008
ACC606,CUST606,SAVINGS,57-10-69,81008145,11-06-2016
ACC607,CUST607,CURRENT,80-95-66,96492847,29-08-2014
ACC608,CUST608,SAVINGS,92-24-50,62885530,19-06-2013
ACC609,CUST609,CURRENT,23-61-73,70181027,30-09-2019
ACC610,CUST610,CURRENT,21-11-97,76162652,28-09-2015
ACC611,CUST611,CURRENT,80-32-46,91345554,03-04-2013
ACC612,CUST612,CURRENT,92-85-77,82704883,21-12-2011
ACC613,CUST613,SAVINGS,48-37-49,63075916,19-04-2026
ACC614,CUST614,CURRENT,17-41-41,71328660,24-09-2012
ACC615,CUST615,SAVINGS,55-16-17,74342282,18-06-2014
ACC616,CUST616,SAVINGS,38-14-66,81900856,27-11-2015
ACC617,CUST617,SAVINGS,87-64-56,20534029,03-09-2021
ACC618,CUST618,SAVINGS,80-21-22,99581930,24-11-2013
ACC619,CUST619,CURRENT,74-26-24,45719696,18-06-2015
ACC620,CUST620,CURRENT,16-16-93,49578878,28-11-2012
ACC621,CUST621,SAVINGS,12-25-32,50133996,11-10-2006
ACC622,CUST622,SAVINGS,31-95-33,96040929,29-01-2007
ACC623,CUST623,CURRENT,67-49-37,61417806,05-06-2016
ACC624,CUST624,SAVINGS,50-19-39,65200242,22-09-2018
ACC625,CUST625,CURRENT,63-14-81,32840750,05-11-2009
ACC626,CUST626,SAVINGS,95-21-70,67015076,16-08-2012
ACC627,CUST627,CURRENT,53-88-41,30379219,24-09-2018
ACC628,CUST628,SAVINGS,90-80-77,56638788,09-12-2007
ACC629,CUST629,CURRENT,84-79-52,89557628,29-12-2020
ACC630,CUST630,CURRENT,60-97-44,86674148,03-11-2015
ACC631,CUST631,SAVINGS,55-54-79,20467083,20-03-2010
ACC632,CUST632,SAVINGS,36-29-78,66586341,21-03-2016
ACC633,CUST633,SAVINGS,67-15-75,93302398,04-05-2015
ACC634,CUST634,CURRENT,92-78-12,10133213,21-09-2022
ACC635,CUST635,SAVINGS,20-37-96,17049799,07-01-2018
ACC636,CUST636,SAVINGS,63-59-10,53674666,30-10-2017
ACC637,CUST637,SAVINGS,28-20-75,46567822,09-08-2016
ACC638,CUST638,CURRENT,91-83-62,33000153,02-02-2015
ACC639,CUST639,SAVINGS,38-71-52,80581681,04-07-2008
ACC640,CUST640,SAVINGS,24-46-57,91323542,02-11-2008
ACC641,CUST641,CURRENT,51-28-36,72554050,17-02-2009
ACC642,CUST642,SAVINGS,43-39-36,66481463,14-04-2017
ACC643,CUST643,SAVINGS,40-93-21,83150539,28-01-2012
ACC644,CUST644,CURRENT,28-93-75,76999786,14-04-2013
ACC645,CUST645,CURRENT,34-69-16,81006136,01-02-2008
ACC646,CUST646,CURRENT,74-65-23,21436666,05-09-2009
ACC647,CUST647,CURRENT,89-97-37,13274039,04-11-2014
ACC648,CUST648,SAVINGS,92-10-81,78539310,04-05-2018
ACC649,CUST649,SAVINGS,98-71-83,81090360,10-03-2020
ACC650,CUST650,CURRENT,71-71-21,61468577,29-07-2024
ACC651,CUST651,CURRENT,89-43-52,80936831,10-05-2013
ACC652,CUST652,CURRENT,58-12-31,94477669,27-06-2021
ACC653,CUST653,CURRENT,23-83-31,29891432,15-02-2023
ACC654,CUST654,SAVINGS,16-59-37,15425396,18-02-2018
ACC655,CUST655,CURRENT,62-95-74,30413683,28-01-2015
ACC656,CUST656,SAVINGS,44-14-60,13819686,24-06-2016
ACC657,CUST657,CURRENT,94-57-74,92998119,06-12-2013
ACC658,CUST658,SAVINGS,17-34-12,57480958,22-08-2015
ACC659,CUST659,CURRENT,20-79-61,77693020,02-02-2016
ACC660,CUST660,CURRENT,94-41-38,36318124,18-09-2007
ACC661,CUST661,SAVINGS,66-65-44,12339995,19-08-2017
ACC662,CUST662,SAVINGS,70-49-56,14235603,05-05-2006
ACC663,CUST663,SAVINGS,19-85-46,17808936,03-04-2026
ACC664,CUST664,SAVINGS,93-73-16,40940884,21-09-2009
ACC665,CUST665,CURRENT,95-10-39,66534380,08-07-2009
ACC666,CUST666,CURRENT,42-65-45,44285429,28-05-2024
ACC667,CUST667,SAVINGS,43-76-69,99810203,09-07-2010
ACC668,CUST668,SAVINGS,35-50-58,87207538,12-03-2012
ACC669,CUST669,SAVINGS,94-52-48,25886530,27-11-2012
ACC670,CUST670,SAVINGS,88-89-28,12771913,11-02-2025
ACC671,CUST671,CURRENT,25-70-69,77551006,06-12-2021
ACC672,CUST672,CURRENT,96-29-93,25179274,22-08-2020
ACC673,CUST673,SAVINGS,54-43-33,84673240,07-06-2006
ACC674,CUST674,SAVINGS,20-79-59,38629985,17-09-2016
ACC675,CUST675,SAVINGS,22-64-24,67435945,04-09-2009
ACC676,CUST676,SAVINGS,27-47-72,84585497,03-08-2013
ACC677,CUST677,SAVINGS,57-24-83,94541175,12-08-2024
ACC678,CUST678,CURRENT,89-62-37,82489909,16-12-2022
ACC679,CUST679,CURRENT,33-69-60,75623022,28-09-2013
ACC680,CUST680,SAVINGS,91-51-68,68776095,21-04-2020
ACC681,CUST681,CURRENT,89-46-34,30128149,16-09-2012
ACC682,CUST682,CURRENT,71-28-51,13189576,21-03-2018
ACC683,CUST683,SAVINGS,62-10-60,68642393,21-04-2024
ACC684,CUST684,SAVINGS,87-33-96,52324432,24-02-2019
ACC685,CUST685,CURRENT,42-32-94,84578169,06-02-2013
ACC686,CUST686,CURRENT,77-13-34,45284070,10-12-2019
ACC687,CUST687,SAVINGS,13-18-12,90037816,07-08-2012
ACC688,CUST688,SAVINGS,44-99-98,31446449,08-03-2012
ACC689,CUST689,SAVINGS,61-97-83,76854387,29-07-2025
ACC690,CUST690,CURRENT,63-54-19,13319706,11-08-2009
ACC691,CUST691,SAVINGS,13-30-13,91812967,13-03-2009
ACC692,CUST692,CURRENT,42-70-68,68392724,01-01-2012
ACC693,CUST693,SAVINGS,78-67-49,20463937,10-01-2011
ACC694,CUST694,SAVINGS,73-57-65,42934841,12-04-2015
ACC695,CUST695,SAVINGS,96-47-26,49137969,01-10-2018
ACC696,CUST696,SAVINGS,56-26-27,33149734,11-02-2011
ACC697,CUST697,CURRENT,65-96-51,64892515,18-07-2022
ACC698,CUST698,SAVINGS,26-56-46,32186414,07-08-2018
ACC699,CUST699,SAVINGS,77-91-93,88266438,29-12-2010
ACC700,CUST700,SAVINGS,26-29-55,91153624,18-07-2023
ACC701,CUST701,CURRENT,44-45-73,78337497,24-11-2014
ACC702,CUST702,SAVINGS,38-48-48,37395398,18-06-2009
ACC703,CUST703,SAVINGS,57-13-96,15794350,23-06-2022
ACC704,CUST704,SAVINGS,93-62-45,55861201,26-02-2010
ACC705,CUST705,SAVINGS,98-90-52,97862604,04-05-2014
ACC706,CUST706,SAVINGS,93-61-52,38870127,02-05-2024
ACC707,CUST707,CURRENT,62-63-95,91930541,23-11-2020
ACC708,CUST708,CURRENT,45-28-69,18898613,22-08-2017
ACC709,CUST709,SAVINGS,93-37-65,79792422,31-07-2011
ACC710,CUST710,CURRENT,82-45-88,32535577,27-02-2019
ACC711,CUST711,CURRENT,87-53-89,11545217,11-03-2026
ACC712,CUST712,SAVINGS,79-99-13,75208609,27-03-2023
ACC713,CUST713,CURRENT,10-83-77,30214350,23-07-2018
ACC714,CUST714,SAVINGS,73-91-78,90485941,25-07-2023
ACC715,CUST715,SAVINGS,35-58-58,78622372,29-08-2025
ACC716,CUST716,CURRENT,77-91-33,73644971,14-05-2022
ACC717,CUST717,CURRENT,99-44-40,88812754,31-05-2012
ACC718,CUST718,SAVINGS,46-42-95,14540729,26-08-2022
ACC719,CUST719,CURRENT,46-45-66,90686288,23-11-2022
ACC720,CUST720,SAVINGS,71-88-17,53794837,25-07-2013
ACC721,CUST721,CURRENT,88-10-27,21332883,05-01-2013
ACC722,CUST722,SAVINGS,47-14-73,42025393,03-12-2018
ACC723,CUST723,SAVINGS,60-82-42,67973416,07-05-2019
ACC724,CUST724,SAVINGS,94-21-98,65357269,12-12-2008
ACC725,CUST725,CURRENT,55-41-61,80861320,30-10-2021
ACC726,CUST726,CURRENT,34-18-97,94208306,15-06-2017
ACC727,CUST727,SAVINGS,67-41-32,32535134,11-08-2020
ACC728,CUST728,SAVINGS,72-41-19,60417394,26-04-2010
ACC729,CUST729,SAVINGS,49-38-56,90499141,28-09-2007
ACC730,CUST730,SAVINGS,42-27-62,65755449,03-04-2012
ACC731,CUST731,SAVINGS,22-14-68,94251951,19-06-2021
ACC732,CUST732,CURRENT,20-98-56,31862974,03-10-2017
ACC733,CUST733,CURRENT,72-10-28,35081076,18-07-2009
ACC734,CUST734,CURRENT,40-79-78,54222354,29-11-2012
ACC735,CUST735,SAVINGS,36-71-27,14937566,02-04-2015
ACC736,CUST736,CURRENT,71-65-31,34164402,15-03-2023
ACC737,CUST737,CURRENT,95-50-61,69966085,12-02-2022
ACC738,CUST738,SAVINGS,71-55-26,78941577,27-09-2018
ACC739,CUST739,SAVINGS,22-41-86,60195427,05-01-2016
ACC740,CUST740,CURRENT,67-49-84,31070701,22-02-2017
ACC741,CUST741,CURRENT,31-64-76,21980871,03-12-2021
ACC742,CUST742,CURRENT,79-89-24,21048762,26-05-2016
ACC743,CUST743,CURRENT,48-82-94,74140010,23-06-2013
ACC744,CUST744,CURRENT,35-42-54,62086875,12-07-2011
ACC745,CUST745,CURRENT,97-60-83,69546616,08-10-2008
ACC746,CUST746,SAVINGS,16-18-64,56377332,20-11-2016
ACC747,CUST747,CURRENT,77-95-14,76078500,05-07-2009
ACC748,CUST748,SAVINGS,89-93-34,87849532,29-10-2023
ACC749,CUST749,CURRENT,49-37-27,15228280,28-09-2019
ACC750,CUST750,CURRENT,15-92-18,44537358,26-01-2024
ACC751,CUST751,SAVINGS,91-19-66,47908146,22-05-2013
ACC752,CUST752,SAVINGS,25-50-99,67804946,12-08-2021
ACC753,CUST753,SAVINGS,36-59-59,89677271,27-11-2008
ACC754,CUST754,SAVINGS,64-31-21,22680037,03-02-2007
ACC755,CUST755,SAVINGS,10-36-45,50064669,30-03-2008
ACC756,CUST756,SAVINGS,12-75-61,13678253,26-12-2025
ACC757,CUST757,SAVINGS,81-13-84,23900679,18-01-2010
ACC758,CUST758,CURRENT,45-18-59,48433071,26-08-2023
ACC759,CUST759,SAVINGS,53-99-65,50883708,30-07-2021
ACC760,CUST760,SAVINGS,71-28-74,71607039,04-04-2016
ACC761,CUST761,SAVINGS,58-26-77,41842807,09-02-2009
ACC762,CUST762,SAVINGS,64-22-46,78163303,29-02-2016
ACC763,CUST763,SAVINGS,82-55-87,72504183,06-06-2022
ACC764,CUST764,CURRENT,26-73-85,73609055,09-03-2022
ACC765,CUST765,CURRENT,30-27-65,30986104,21-05-2018
ACC766,CUST766,CURRENT,57-90-98,51462046,11-05-2022
ACC767,CUST767,CURRENT,80-46-64,83504171,09-10-2006
ACC768,CUST768,SAVINGS,98-88-39,35207153,31-10-2013
ACC769,CUST769,SAVINGS,35-59-50,55708459,22-01-2013
ACC770,CUST770,CURRENT,46-70-87,75383381,10-06-2014
ACC771,CUST771,SAVINGS,23-78-29,27767612,25-01-2013
ACC772,CUST772,CURRENT,98-14-77,30869241,07-09-2007
ACC773,CUST773,CURRENT,52-30-56,92208377,24-02-2010
ACC774,CUST774,CURRENT,28-16-52,36196630,23-02-2023
ACC775,CUST775,SAVINGS,91-85-79,66074857,06-02-2009
ACC776,CUST776,CURRENT,87-40-76,90444024,26-05-2010
ACC777,CUST777,SAVINGS,41-71-53,98074050,10-05-2010
ACC778,CUST778,SAVINGS,95-11-33,22031426,15-01-2013
ACC779,CUST779,SAVINGS,80-78-42,62515389,20-06-2012
ACC780,CUST780,CURRENT,90-84-65,49918650,08-04-2016
ACC781,CUST781,SAVINGS,52-66-14,13918312,09-11-2024
ACC782,CUST782,SAVINGS,70-27-42,23613449,05-02-2020
ACC783,CUST783,SAVINGS,70-12-57,35516845,15-12-2019
ACC784,CUST784,SAVINGS,98-69-94,79984187,22-07-2008
ACC785,CUST785,SAVINGS,56-69-94,98199145,25-08-2015
ACC786,CUST786,SAVINGS,17-91-34,70768288,03-05-2018
ACC787,CUST787,CURRENT,43-29-98,99594157,12-07-2009
ACC788,CUST788,CURRENT,79-90-67,31154971,02-06-2014
ACC789,CUST789,SAVINGS,44-75-27,93337923,26-12-2006
ACC790,CUST790,SAVINGS,86-36-40,43449252,22-01-2010
ACC791,CUST791,CURRENT,74-14-92,84558873,12-05-2017
ACC792,CUST792,CURRENT,24-68-63,74700644,27-07-2023
ACC793,CUST793,CURRENT,31-54-64,94704734,24-10-2015
ACC794,CUST794,CURRENT,41-93-33,66585344,19-07-2025
ACC795,CUST795,SAVINGS,90-74-78,53918837,08-06-2013
ACC796,CUST796,SAVINGS,10-90-99,64654646,15-04-2007
ACC797,CUST797,CURRENT,47-74-74,32780127,22-11-2017
ACC798,CUST798,SAVINGS,58-19-52,72655852,21-06-2020
ACC799,CUST799,CURRENT,47-69-78,57358783,25-04-2012
ACC800,CUST800,SAVINGS,47-74-39,33852938,29-11-2007
ACC801,CUST801,CURRENT,24-68-73,35070507,13-11-2020
ACC802,CUST802,SAVINGS,81-96-40,76856495,28-11-2006
ACC803,CUST803,CURRENT,77-28-76,35573593,17-05-2022
ACC804,CUST804,SAVINGS,48-60-57,27517457,26-04-2022
ACC805,CUST805,CURRENT,61-22-76,77359938,13-08-2011
ACC806,CUST806,SAVINGS,78-98-82,31938069,24-12-2024
ACC807,CUST807,SAVINGS,29-39-48,29170229,04-07-2021
ACC808,CUST808,CURRENT,88-79-97,95417852,25-01-2008
ACC809,CUST809,CURRENT,94-70-33,26509811,12-05-2017
ACC810,CUST810,CURRENT,78-60-96,83669525,22-07-2025
ACC811,CUST811,SAVINGS,85-69-84,60170988,29-01-2010
ACC812,CUST812,SAVINGS,26-79-97,75888298,01-08-2009
ACC813,CUST813,SAVINGS,36-95-95,49722972,06-06-2013
ACC814,CUST814,SAVINGS,79-71-67,50877165,16-12-2015
ACC815,CUST815,CURRENT,91-79-26,62275567,25-03-2014
ACC816,CUST816,CURRENT,32-77-56,96867842,16-03-2019
ACC817,CUST817,CURRENT,47-17-88,12908470,19-12-2009
ACC818,CUST818,CURRENT,72-20-39,92605420,02-02-2021
ACC819,CUST819,SAVINGS,92-17-54,25739439,10-01-2018
ACC820,CUST820,CURRENT,10-44-72,67549705,01-06-2022
ACC821,CUST821,SAVINGS,35-33-78,51614716,27-06-2016
ACC822,CUST822,SAVINGS,67-13-64,57062270,22-04-2006
ACC823,CUST823,CURRENT,23-59-22,37638800,06-03-2010
ACC824,CUST824,SAVINGS,27-99-86,80232944,22-10-2010
ACC825,CUST825,CURRENT,45-22-97,44952444,15-02-2023
ACC826,CUST826,CURRENT,29-95-17,54653395,18-10-2018
ACC827,CUST827,CURRENT,32-41-74,29773664,05-12-2023
ACC828,CUST828,CURRENT,14-23-87,18722551,17-01-2013
ACC829,CUST829,CURRENT,60-17-74,10663544,12-10-2011
ACC830,CUST830,SAVINGS,69-82-21,28204450,13-08-2015
ACC831,CUST831,SAVINGS,99-74-53,24543176,19-09-2017
ACC832,CUST832,SAVINGS,98-80-13,57587951,15-08-2018
ACC833,CUST833,CURRENT,74-23-10,94243182,06-06-2016
ACC834,CUST834,CURRENT,24-70-87,52807552,23-12-2012
ACC835,CUST835,CURRENT,30-67-31,64047076,09-11-2008
ACC836,CUST836,SAVINGS,54-43-44,18130163,07-07-2018
ACC837,CUST837,SAVINGS,17-25-50,37890745,03-06-2019
ACC838,CUST838,SAVINGS,52-93-17,77597855,03-04-2015
ACC839,CUST839,CURRENT,83-74-90,71023435,16-08-2022
ACC840,CUST840,CURRENT,51-11-14,52425421,05-03-2008
ACC841,CUST841,CURRENT,98-97-38,99720256,16-02-2017
ACC842,CUST842,CURRENT,84-81-79,76177402,26-07-2015
ACC843,CUST843,CURRENT,85-54-63,75357746,03-05-2021
ACC844,CUST844,CURRENT,17-13-88,85744538,02-07-2022
ACC845,CUST845,SAVINGS,92-86-34,25915963,17-05-2021
ACC846,CUST846,CURRENT,76-74-36,15217563,17-08-2008
ACC847,CUST847,CURRENT,83-84-81,42219084,05-10-2014
ACC848,CUST848,SAVINGS,55-93-49,94528411,29-01-2016
ACC849,CUST849,SAVINGS,55-29-66,77063844,21-04-2011
ACC850,CUST850,CURRENT,49-91-89,52567642,25-06-2024
ACC851,CUST851,SAVINGS,27-66-49,78519391,03-06-2021
ACC852,CUST852,CURRENT,56-11-88,65860370,10-12-2009
ACC853,CUST853,SAVINGS,31-44-37,45621682,19-08-2015
ACC854,CUST854,SAVINGS,41-23-94,97352894,19-04-2022
ACC855,CUST855,SAVINGS,73-90-37,93118834,15-09-2024
ACC856,CUST856,CURRENT,17-53-84,53286309,03-06-2013
ACC857,CUST857,CURRENT,42-47-84,53503055,20-07-2007
ACC858,CUST858,SAVINGS,41-19-48,38546169,22-06-2018
ACC859,CUST859,CURRENT,90-23-35,60846522,16-05-2011
ACC860,CUST860,CURRENT,17-62-74,91964036,12-08-2018
ACC861,CUST861,SAVINGS,97-65-82,81966311,08-02-2017
ACC862,CUST862,SAVINGS,79-87-60,94151343,18-11-2017
ACC863,CUST863,CURRENT,10-18-56,48371278,04-10-2025
ACC864,CUST864,CURRENT,58-48-30,93288720,12-11-2022
ACC865,CUST865,SAVINGS,74-81-56,98116512,12-12-2019
ACC866,CUST866,CURRENT,41-12-51,45250856,17-09-2014
ACC867,CUST867,CURRENT,22-36-75,36669465,28-06-2015
ACC868,CUST868,SAVINGS,38-43-24,33458638,25-01-2017
ACC869,CUST869,CURRENT,24-50-82,78146458,23-07-2009
ACC870,CUST870,SAVINGS,18-93-88,63997720,29-07-2007
ACC871,CUST871,SAVINGS,18-12-79,96672456,30-04-2020
ACC872,CUST872,CURRENT,30-99-20,91938435,07-12-2014
ACC873,CUST873,SAVINGS,92-65-39,16796537,24-10-2024
ACC874,CUST874,CURRENT,78-60-63,43479563,18-04-2015
ACC875,CUST875,SAVINGS,47-25-61,75825784,14-10-2019
ACC876,CUST876,CURRENT,41-19-46,46698351,06-04-2011
ACC877,CUST877,CURRENT,32-18-76,37416389,15-06-2022
ACC878,CUST878,CURRENT,53-81-29,85504926,19-11-2015
ACC879,CUST879,CURRENT,84-75-91,63465384,09-03-2011
ACC880,CUST880,SAVINGS,81-62-87,36376102,08-04-2016
ACC881,CUST881,SAVINGS,63-96-45,43898095,23-01-2014
ACC882,CUST882,SAVINGS,18-44-11,78671585,14-02-2007
ACC883,CUST883,SAVINGS,67-41-53,39906793,26-05-2022
ACC884,CUST884,SAVINGS,71-42-98,74856148,19-01-2016
ACC885,CUST885,SAVINGS,38-54-19,66954325,07-06-2014
ACC886,CUST886,SAVINGS,56-69-19,91652483,29-12-2025
ACC887,CUST887,SAVINGS,18-79-24,90390965,02-06-2007
ACC888,CUST888,SAVINGS,39-12-65,32262245,04-05-2022
ACC889,CUST889,SAVINGS,59-19-94,79525652,08-10-2025
ACC890,CUST890,CURRENT,31-93-50,32681303,03-01-2019
ACC891,CUST891,CURRENT,29-84-50,79725969,17-01-2015
ACC892,CUST892,SAVINGS,84-28-26,48263747,17-02-2021
ACC893,CUST893,SAVINGS,62-18-97,12265596,08-01-2017
ACC894,CUST894,SAVINGS,17-49-38,43136262,09-09-2015
ACC895,CUST895,SAVINGS,75-79-73,36163742,30-05-2018
ACC896,CUST896,SAVINGS,48-95-84,14537207,28-10-2013
ACC897,CUST897,SAVINGS,27-32-69,59145925,12-06-2014
ACC898,CUST898,CURRENT,65-85-65,19685977,14-02-2025
ACC899,CUST899,CURRENT,46-16-19,40266499,05-07-2021
ACC900,CUST900,CURRENT,31-68-77,72631507,22-11-2019
ACC901,CUST901,CURRENT,35-71-13,33422774,10-01-2014
ACC902,CUST902,CURRENT,85-13-12,36894527,31-10-2022
ACC903,CUST903,SAVINGS,46-50-20,62424613,11-06-2012
ACC904,CUST904,SAVINGS,41-11-65,92056836,23-11-2009
ACC905,CUST905,CURRENT,95-25-48,33407122,11-11-2008
ACC906,CUST906,SAVINGS,79-17-43,93072025,26-11-2009
ACC907,CUST907,CURRENT,54-66-29,46138026,25-02-2021
ACC908,CUST908,SAVINGS,63-78-18,70179537,18-12-2013
ACC909,CUST909,SAVINGS,82-26-38,37974530,13-11-2020
ACC910,CUST910,SAVINGS,75-24-19,92287031,28-08-2009
ACC911,CUST911,SAVINGS,74-92-48,51719255,30-08-2012
ACC912,CUST912,CURRENT,65-99-37,11005267,22-09-2017
ACC913,CUST913,SAVINGS,16-98-31,12247784,21-04-2008
ACC914,CUST914,SAVINGS,33-41-57,13524087,02-10-2021
ACC915,CUST915,CURRENT,87-90-41,31073866,18-12-2013
ACC916,CUST916,SAVINGS,40-21-67,72047537,27-07-2014
ACC917,CUST917,CURRENT,93-68-98,82665347,28-10-2006
ACC918,CUST918,CURRENT,79-26-54,29284166,04-05-2017
ACC919,CUST919,CURRENT,36-40-66,22954474,14-11-2006
ACC920,CUST920,SAVINGS,89-84-40,31394910,06-09-2006
ACC921,CUST921,CURRENT,45-63-52,58862086,26-08-2016
ACC922,CUST922,CURRENT,72-76-41,24911864,30-07-2016
ACC923,CUST923,SAVINGS,44-52-54,34634558,13-06-2023
ACC924,CUST924,CURRENT,14-62-85,80727950,22-03-2025
ACC925,CUST925,SAVINGS,78-21-92,97752761,01-04-2011
ACC926,CUST926,CURRENT,56-20-43,15163001,27-11-2023
ACC927,CUST927,CURRENT,13-51-33,82395902,08-07-2015
ACC928,CUST928,CURRENT,71-24-35,10881110,18-02-2021
ACC929,CUST929,CURRENT,63-10-58,45537626,09-12-2008
ACC930,CUST930,CURRENT,39-85-21,53001240,20-05-2009
ACC931,CUST931,SAVINGS,29-65-76,43330648,14-12-2013
ACC932,CUST932,SAVINGS,79-41-54,63516372,10-01-2010
ACC933,CUST933,SAVINGS,85-63-24,98641073,23-07-2016
ACC934,CUST934,SAVINGS,18-21-70,60383285,02-03-2020
ACC935,CUST935,CURRENT,76-50-58,83537260,12-02-2011
ACC936,CUST936,SAVINGS,47-31-88,34615212,17-09-2020
ACC937,CUST937,CURRENT,51-61-81,31004650,19-05-2011
ACC938,CUST938,CURRENT,92-66-39,77345602,12-09-2018
ACC939,CUST939,SAVINGS,32-69-46,23352304,10-06-2008
ACC940,CUST940,SAVINGS,21-11-92,63074950,10-12-2015
ACC941,CUST941,CURRENT,80-65-57,15264412,22-04-2006
ACC942,CUST942,SAVINGS,71-80-97,97021473,18-05-2010
ACC943,CUST943,CURRENT,91-35-85,15327422,27-05-2008
ACC944,CUST944,CURRENT,32-20-27,78625588,25-09-2022
ACC945,CUST945,CURRENT,71-88-82,95938570,23-10-2010
ACC946,CUST946,CURRENT,94-58-28,81651180,14-06-2022
ACC947,CUST947,SAVINGS,74-82-44,27569355,15-07-2011
ACC948,CUST948,SAVINGS,39-47-57,24070386,10-04-2025
ACC949,CUST949,CURRENT,76-80-36,23429166,28-08-2023
ACC950,CUST950,CURRENT,33-51-67,19374414,28-09-2015
ACC951,CUST951,CURRENT,41-70-39,57073466,07-11-2022
ACC952,CUST952,CURRENT,76-78-30,36972596,07-11-2013
ACC953,CUST953,SAVINGS,98-32-45,36638844,05-03-2025
ACC954,CUST954,SAVINGS,21-80-29,35873728,20-02-2019
ACC955,CUST955,SAVINGS,59-67-64,26970978,17-12-2018
ACC956,CUST956,CURRENT,15-81-45,77188670,29-10-2019
ACC957,CUST957,CURRENT,87-78-95,61171624,17-12-2025
ACC958,CUST958,SAVINGS,38-19-13,11062727,12-04-2008
ACC959,CUST959,SAVINGS,74-55-17,49110891,13-09-2016
ACC960,CUST960,SAVINGS,68-73-64,97944315,03-04-2019
ACC961,CUST961,CURRENT,90-21-14,55954636,16-09-2014
ACC962,CUST962,CURRENT,26-24-97,48655224,14-12-2025
ACC963,CUST963,CURRENT,48-71-78,23781677,13-02-2015
ACC964,CUST964,SAVINGS,40-31-73,30725515,07-11-2019
ACC965,CUST965,CURRENT,59-30-47,95242454,23-01-2023
ACC966,CUST966,CURRENT,76-65-67,69444469,11-08-2024
ACC967,CUST967,CURRENT,88-94-68,86135676,18-04-2015
ACC968,CUST968,CURRENT,20-89-93,62221720,05-07-2011
ACC969,CUST969,SAVINGS,14-92-57,53435255,01-04-2013
ACC970,CUST970,CURRENT,40-66-82,22965302,14-12-2021
ACC971,CUST971,CURRENT,40-42-83,97389102,01-01-2023
ACC972,CUST972,SAVINGS,24-38-26,24341554,13-03-2012
ACC973,CUST973,CURRENT,57-56-20,17068730,22-08-2016
ACC974,CUST974,CURRENT,13-74-82,78984879,07-11-2017
ACC975,CUST975,CURRENT,58-61-60,49508768,22-01-2017
ACC976,CUST976,CURRENT,46-63-78,78041211,23-03-2016
ACC977,CUST977,CURRENT,31-56-19,90464018,14-03-2025
ACC978,CUST978,SAVINGS,53-23-29,94038909,19-11-2023
ACC979,CUST979,SAVINGS,63-66-37,25973191,08-03-2026
ACC980,CUST980,SAVINGS,82-71-82,23317549,28-12-2018
ACC981,CUST981,SAVINGS,18-87-39,43356654,24-09-2018
ACC982,CUST982,CURRENT,75-50-62,80538654,06-06-2014
ACC983,CUST983,SAVINGS,22-72-78,34781718,21-05-2018
ACC984,CUST984,CURRENT,69-57-75,68909655,13-09-2009
ACC985,CUST985,CURRENT,97-78-27,98930592,31-01-2011
ACC986,CUST986,SAVINGS,59-65-93,46849767,18-08-2024
ACC987,CUST987,CURRENT,10-38-42,37484198,26-11-2024
ACC988,CUST988,CURRENT,67-99-67,11360870,19-12-2011
ACC989,CUST989,SAVINGS,81-10-59,56501020,13-07-2024
ACC990,CUST990,SAVINGS,90-20-46,71213079,03-01-2013
ACC991,CUST991,CURRENT,96-18-97,79970814,30-03-2010
ACC992,CUST992,SAVINGS,59-55-41,58779071,28-06-2020
ACC993,CUST993,CURRENT,22-78-51,45020995,02-04-2025
ACC994,CUST994,CURRENT,53-33-32,81498889,11-11-2023
ACC995,CUST995,SAVINGS,37-27-65,29201829,05-03-2021
ACC996,CUST996,CURRENT,67-30-76,81794469,26-11-2008
ACC997,CUST997,CURRENT,13-64-10,86194560,27-09-2012
ACC998,CUST998,SAVINGS,94-39-52,53864180,12-07-2008
ACC999,CUST999,SAVINGS,91-83-36,66481641,30-07-2022
ACC1000,CUST1000,CURRENT,53-59-97,32645432,31-01-2010
